Domain Code,Domain,Area Code (M49),Area,Element Code,Element,Item Code (CPC),Item,Year Code,Year,Unit,Value,Flag,Flag Description
"QCL","Crops and livestock products","012","Algeria","5312","Area harvested","01312","Bananas","2020","2020","ha","10","E","Estimated value"
"QCL","Crops and livestock products","012","Algeria","5419","Yield","01312","Bananas","2020","2020","hg/ha","235000","E","Estimated value"
"QCL","Crops and livestock products","012","Algeria","5510","Production","01312","Bananas","2020","2020","tonnes","235","E","Estimated value"
"QCL","Crops and livestock products","024","Angola","5312","Area harvested","01312","Bananas","2020","2020","ha","157561","I","Imputed value"
"QCL","Crops and livestock products","024","Angola","5419","Yield","01312","Bananas","2020","2020","hg/ha","261170","E","Estimated value"
"QCL","Crops and livestock products","024","Angola","5510","Production","01312","Bananas","2020","2020","tonnes","4115028","I","Imputed value"
"QCL","Crops and livestock products","028","Antigua and Barbuda","5312","Area harvested","01312","Bananas","2020","2020","ha","11","A","Official figure"
"QCL","Crops and livestock products","028","Antigua and Barbuda","5419","Yield","01312","Bananas","2020","2020","hg/ha","4545","E","Estimated value"
"QCL","Crops and livestock products","028","Antigua and Barbuda","5510","Production","01312","Bananas","2020","2020","tonnes","5","A","Official figure"
"QCL","Crops and livestock products","032","Argentina","5312","Area harvested","01312","Bananas","2020","2020","ha","8415","I","Imputed value"
"QCL","Crops and livestock products","032","Argentina","5419","Yield","01312","Bananas","2020","2020","hg/ha","209668","E","Estimated value"
"QCL","Crops and livestock products","032","Argentina","5510","Production","01312","Bananas","2020","2020","tonnes","176436","I","Imputed value"
"QCL","Crops and livestock products","036","Australia","5312","Area harvested","01312","Bananas","2020","2020","ha","12254","A","Official figure"
"QCL","Crops and livestock products","036","Australia","5419","Yield","01312","Bananas","2020","2020","hg/ha","303928","E","Estimated value"
"QCL","Crops and livestock products","036","Australia","5510","Production","01312","Bananas","2020","2020","tonnes","372433","A","Official figure"
"QCL","Crops and livestock products","040","Austria","5312","Area harvested","01312","Bananas","2020","2020","ha","0","A","Official figure"
"QCL","Crops and livestock products","040","Austria","5510","Production","01312","Bananas","2020","2020","tonnes","0","A","Official figure"
"QCL","Crops and livestock products","044","Bahamas","5312","Area harvested","01312","Bananas","2020","2020","ha","437","I","Imputed value"
"QCL","Crops and livestock products","044","Bahamas","5419","Yield","01312","Bananas","2020","2020","hg/ha","227185","E","Estimated value"
"QCL","Crops and livestock products","044","Bahamas","5510","Production","01312","Bananas","2020","2020","tonnes","9928","E","Estimated value"
"QCL","Crops and livestock products","044","Bahamas","5312","Area harvested","01313","Plantains and cooking bananas","2020","2020","ha","25","E","Estimated value"
"QCL","Crops and livestock products","044","Bahamas","5419","Yield","01313","Plantains and cooking bananas","2020","2020","hg/ha","76800","E","Estimated value"
"QCL","Crops and livestock products","044","Bahamas","5510","Production","01313","Plantains and cooking bananas","2020","2020","tonnes","192","E","Estimated value"
"QCL","Crops and livestock products","048","Bahrain","5312","Area harvested","01312","Bananas","2020","2020","ha","88","I","Imputed value"
"QCL","Crops and livestock products","048","Bahrain","5419","Yield","01312","Bananas","2020","2020","hg/ha","116023","E","Estimated value"
"QCL","Crops and livestock products","048","Bahrain","5510","Production","01312","Bananas","2020","2020","tonnes","1021","I","Imputed value"
"QCL","Crops and livestock products","050","Bangladesh","5312","Area harvested","01312","Bananas","2020","2020","ha","49280","A","Official figure"
"QCL","Crops and livestock products","050","Bangladesh","5419","Yield","01312","Bananas","2020","2020","hg/ha","165972","E","Estimated value"
"QCL","Crops and livestock products","050","Bangladesh","5510","Production","01312","Bananas","2020","2020","tonnes","817908","A","Official figure"
"QCL","Crops and livestock products","050","Bangladesh","5312","Area harvested","01313","Plantains and cooking bananas","2020","2020","ha","11823","A","Official figure"
"QCL","Crops and livestock products","050","Bangladesh","5419","Yield","01313","Plantains and cooking bananas","2020","2020","hg/ha","141157","E","Estimated value"
"QCL","Crops and livestock products","050","Bangladesh","5510","Production","01313","Plantains and cooking bananas","2020","2020","tonnes","166890","A","Official figure"
"QCL","Crops and livestock products","052","Barbados","5312","Area harvested","01312","Bananas","2020","2020","ha","174","E","Estimated value"
"QCL","Crops and livestock products","052","Barbados","5419","Yield","01312","Bananas","2020","2020","hg/ha","57184","E","Estimated value"
"QCL","Crops and livestock products","052","Barbados","5510","Production","01312","Bananas","2020","2020","tonnes","995","E","Estimated value"
"QCL","Crops and livestock products","056","Belgium","5312","Area harvested","01312","Bananas","2020","2020","ha","0","A","Official figure"
"QCL","Crops and livestock products","056","Belgium","5510","Production","01312","Bananas","2020","2020","tonnes","0","A","Official figure"
"QCL","Crops and livestock products","084","Belize","5312","Area harvested","01312","Bananas","2020","2020","ha","3044","A","Official figure"
"QCL","Crops and livestock products","084","Belize","5419","Yield","01312","Bananas","2020","2020","hg/ha","304320","E","Estimated value"
"QCL","Crops and livestock products","084","Belize","5510","Production","01312","Bananas","2020","2020","tonnes","92635","A","Official figure"
"QCL","Crops and livestock products","084","Belize","5312","Area harvested","01313","Plantains and cooking bananas","2020","2020","ha","375","A","Official figure"
"QCL","Crops and livestock products","084","Belize","5419","Yield","01313","Plantains and cooking bananas","2020","2020","hg/ha","163200","E","Estimated value"
"QCL","Crops and livestock products","084","Belize","5510","Production","01313","Plantains and cooking bananas","2020","2020","tonnes","6120","A","Official figure"
"QCL","Crops and livestock products","204","Benin","5312","Area harvested","01312","Bananas","2020","2020","ha","4066","E","Estimated value"
"QCL","Crops and livestock products","204","Benin","5419","Yield","01312","Bananas","2020","2020","hg/ha","48728","E","Estimated value"
"QCL","Crops and livestock products","204","Benin","5510","Production","01312","Bananas","2020","2020","tonnes","19813","E","Estimated value"
"QCL","Crops and livestock products","064","Bhutan","5312","Area harvested","01312","Bananas","2020","2020","ha","46","A","Official figure"
"QCL","Crops and livestock products","064","Bhutan","5419","Yield","01312","Bananas","2020","2020","hg/ha","684783","E","Estimated value"
"QCL","Crops and livestock products","064","Bhutan","5510","Production","01312","Bananas","2020","2020","tonnes","3150","A","Official figure"
"QCL","Crops and livestock products","068","Bolivia (Plurinational State of)","5312","Area harvested","01312","Bananas","2020","2020","ha","20010","A","Official figure"
"QCL","Crops and livestock products","068","Bolivia (Plurinational State of)","5419","Yield","01312","Bananas","2020","2020","hg/ha","150506","E","Estimated value"
"QCL","Crops and livestock products","068","Bolivia (Plurinational State of)","5510","Production","01312","Bananas","2020","2020","tonnes","301162","A","Official figure"
"QCL","Crops and livestock products","068","Bolivia (Plurinational State of)","5312","Area harvested","01313","Plantains and cooking bananas","2020","2020","ha","40890","A","Official figure"
"QCL","Crops and livestock products","068","Bolivia (Plurinational State of)","5419","Yield","01313","Plantains and cooking bananas","2020","2020","hg/ha","117655","E","Estimated value"
"QCL","Crops and livestock products","068","Bolivia (Plurinational State of)","5510","Production","01313","Plantains and cooking bananas","2020","2020","tonnes","481093","A","Official figure"
"QCL","Crops and livestock products","076","Brazil","5312","Area harvested","01312","Bananas","2020","2020","ha","455004","A","Official figure"
"QCL","Crops and livestock products","076","Brazil","5419","Yield","01312","Bananas","2020","2020","hg/ha","145874","E","Estimated value"
"QCL","Crops and livestock products","076","Brazil","5510","Production","01312","Bananas","2020","2020","tonnes","6637308","A","Official figure"
"QCL","Crops and livestock products","096","Brunei Darussalam","5312","Area harvested","01312","Bananas","2020","2020","ha","599","I","Imputed value"
"QCL","Crops and livestock products","096","Brunei Darussalam","5419","Yield","01312","Bananas","2020","2020","hg/ha","28664","E","Estimated value"
"QCL","Crops and livestock products","096","Brunei Darussalam","5510","Production","01312","Bananas","2020","2020","tonnes","1717","A","Official figure"
"QCL","Crops and livestock products","100","Bulgaria","5312","Area harvested","01312","Bananas","2020","2020","ha","0","A","Official figure"
"QCL","Crops and livestock products","100","Bulgaria","5510","Production","01312","Bananas","2020","2020","tonnes","0","A","Official figure"
"QCL","Crops and livestock products","108","Burundi","5312","Area harvested","01312","Bananas","2020","2020","ha","163559","I","Imputed value"
"QCL","Crops and livestock products","108","Burundi","5419","Yield","01312","Bananas","2020","2020","hg/ha","78262","E","Estimated value"
"QCL","Crops and livestock products","108","Burundi","5510","Production","01312","Bananas","2020","2020","tonnes","1280048","I","Imputed value"
"QCL","Crops and livestock products","108","Burundi","5312","Area harvested","01313","Plantains and cooking bananas","2020","2020","ha","41137","I","Imputed value"
"QCL","Crops and livestock products","108","Burundi","5419","Yield","01313","Plantains and cooking bananas","2020","2020","hg/ha","76548","E","Estimated value"
"QCL","Crops and livestock products","108","Burundi","5510","Production","01313","Plantains and cooking bananas","2020","2020","tonnes","314897","E","Estimated value"
"QCL","Crops and livestock products","132","Cabo Verde","5312","Area harvested","01312","Bananas","2020","2020","ha","250","A","Official figure"
"QCL","Crops and livestock products","132","Cabo Verde","5419","Yield","01312","Bananas","2020","2020","hg/ha","222120","E","Estimated value"
"QCL","Crops and livestock products","132","Cabo Verde","5510","Production","01312","Bananas","2020","2020","tonnes","5553","A","Official figure"
"QCL","Crops and livestock products","116","Cambodia","5312","Area harvested","01312","Bananas","2020","2020","ha","30042","I","Imputed value"
"QCL","Crops and livestock products","116","Cambodia","5419","Yield","01312","Bananas","2020","2020","hg/ha","46539","E","Estimated value"
"QCL","Crops and livestock products","116","Cambodia","5510","Production","01312","Bananas","2020","2020","tonnes","139811","I","Imputed value"
"QCL","Crops and livestock products","120","Cameroon","5312","Area harvested","01312","Bananas","2020","2020","ha","97960","I","Imputed value"
"QCL","Crops and livestock products","120","Cameroon","5419","Yield","01312","Bananas","2020","2020","hg/ha","123494","E","Estimated value"
"QCL","Crops and livestock products","120","Cameroon","5510","Production","01312","Bananas","2020","2020","tonnes","1209750","I","Imputed value"
"QCL","Crops and livestock products","120","Cameroon","5312","Area harvested","01313","Plantains and cooking bananas","2020","2020","ha","314129","I","Imputed value"
"QCL","Crops and livestock products","120","Cameroon","5419","Yield","01313","Plantains and cooking bananas","2020","2020","hg/ha","144083","E","Estimated value"
"QCL","Crops and livestock products","120","Cameroon","5510","Production","01313","Plantains and cooking bananas","2020","2020","tonnes","4526069","I","Imputed value"
"QCL","Crops and livestock products","140","Central African Republic","5312","Area harvested","01312","Bananas","2020","2020","ha","22750","I","Imputed value"
"QCL","Crops and livestock products","140","Central African Republic","5419","Yield","01312","Bananas","2020","2020","hg/ha","61442","E","Estimated value"
"QCL","Crops and livestock products","140","Central African Republic","5510","Production","01312","Bananas","2020","2020","tonnes","139781","I","Imputed value"
"QCL","Crops and livestock products","140","Central African Republic","5312","Area harvested","01313","Plantains and cooking bananas","2020","2020","ha","30804","I","Imputed value"
"QCL","Crops and livestock products","140","Central African Republic","5419","Yield","01313","Plantains and cooking bananas","2020","2020","hg/ha","28615","E","Estimated value"
"QCL","Crops and livestock products","140","Central African Republic","5510","Production","01313","Plantains and cooking bananas","2020","2020","tonnes","88145","I","Imputed value"
"QCL","Crops and livestock products","159","China","5312","Area harvested","01312","Bananas","2020","2020","ha","353548","E","Estimated value"
"QCL","Crops and livestock products","159","China","5419","Yield","01312","Bananas","2020","2020","hg/ha","335813","E","Estimated value"
"QCL","Crops and livestock products","159","China","5510","Production","01312","Bananas","2020","2020","tonnes","11872600","E","Estimated value"
"QCL","Crops and livestock products","156","China, mainland","5312","Area harvested","01312","Bananas","2020","2020","ha","338580","I","Imputed value"
"QCL","Crops and livestock products","156","China, mainland","5419","Yield","01312","Bananas","2020","2020","hg/ha","340038","E","Estimated value"
"QCL","Crops and livestock products","156","China, mainland","5510","Production","01312","Bananas","2020","2020","tonnes","11513000","A","Official figure"
"QCL","Crops and livestock products","158","China, Taiwan Province of","5312","Area harvested","01312","Bananas","2020","2020","ha","14968","A","Official figure"
"QCL","Crops and livestock products","158","China, Taiwan Province of","5419","Yield","01312","Bananas","2020","2020","hg/ha","240246","E","Estimated value"
"QCL","Crops and livestock products","158","China, Taiwan Province of","5510","Production","01312","Bananas","2020","2020","tonnes","359600","A","Official figure"
"QCL","Crops and livestock products","170","Colombia","5312","Area harvested","01312","Bananas","2020","2020","ha","99417","A","Official figure"
"QCL","Crops and livestock products","170","Colombia","5419","Yield","01312","Bananas","2020","2020","hg/ha","244918","E","Estimated value"
"QCL","Crops and livestock products","170","Colombia","5510","Production","01312","Bananas","2020","2020","tonnes","2434900","A","Official figure"
"QCL","Crops and livestock products","170","Colombia","5312","Area harvested","01313","Plantains and cooking bananas","2020","2020","ha","283901","A","Official figure"
"QCL","Crops and livestock products","170","Colombia","5419","Yield","01313","Plantains and cooking bananas","2020","2020","hg/ha","87200","E","Estimated value"
"QCL","Crops and livestock products","170","Colombia","5510","Production","01313","Plantains and cooking bananas","2020","2020","tonnes","2475611","A","Official figure"
"QCL","Crops and livestock products","174","Comoros","5312","Area harvested","01312","Bananas","2020","2020","ha","8113","E","Estimated value"
"QCL","Crops and livestock products","174","Comoros","5419","Yield","01312","Bananas","2020","2020","hg/ha","57483","E","Estimated value"
"QCL","Crops and livestock products","174","Comoros","5510","Production","01312","Bananas","2020","2020","tonnes","46636","E","Estimated value"
"QCL","Crops and livestock products","178","Congo","5312","Area harvested","01312","Bananas","2020","2020","ha","12568","E","Estimated value"
"QCL","Crops and livestock products","178","Congo","5419","Yield","01312","Bananas","2020","2020","hg/ha","68434","E","Estimated value"
"QCL","Crops and livestock products","178","Congo","5510","Production","01312","Bananas","2020","2020","tonnes","86008","I","Imputed value"
"QCL","Crops and livestock products","178","Congo","5312","Area harvested","01313","Plantains and cooking bananas","2020","2020","ha","11938","E","Estimated value"
"QCL","Crops and livestock products","178","Congo","5419","Yield","01313","Plantains and cooking bananas","2020","2020","hg/ha","73817","E","Estimated value"
"QCL","Crops and livestock products","178","Congo","5510","Production","01313","Plantains and cooking bananas","2020","2020","tonnes","88123","E","Estimated value"
"QCL","Crops and livestock products","184","Cook Islands","5312","Area harvested","01312","Bananas","2020","2020","ha","5","I","Imputed value"
"QCL","Crops and livestock products","184","Cook Islands","5419","Yield","01312","Bananas","2020","2020","hg/ha","36000","E","Estimated value"
"QCL","Crops and livestock products","184","Cook Islands","5510","Production","01312","Bananas","2020","2020","tonnes","18","I","Imputed value"
"QCL","Crops and livestock products","188","Costa Rica","5312","Area harvested","01312","Bananas","2020","2020","ha","53975","A","Official figure"
"QCL","Crops and livestock products","188","Costa Rica","5419","Yield","01312","Bananas","2020","2020","hg/ha","468499","E","Estimated value"
"QCL","Crops and livestock products","188","Costa Rica","5510","Production","01312","Bananas","2020","2020","tonnes","2528721","A","Official figure"
"QCL","Crops and livestock products","188","Costa Rica","5312","Area harvested","01313","Plantains and cooking bananas","2020","2020","ha","7084","A","Official figure"
"QCL","Crops and livestock products","188","Costa Rica","5419","Yield","01313","Plantains and cooking bananas","2020","2020","hg/ha","119160","E","Estimated value"
"QCL","Crops and livestock products","188","Costa Rica","5510","Production","01313","Plantains and cooking bananas","2020","2020","tonnes","84413","A","Official figure"
"QCL","Crops and livestock products","384","Côte d'Ivoire","5312","Area harvested","01312","Bananas","2020","2020","ha","13990","I","Imputed value"
"QCL","Crops and livestock products","384","Côte d'Ivoire","5419","Yield","01312","Bananas","2020","2020","hg/ha","447449","E","Estimated value"
"QCL","Crops and livestock products","384","Côte d'Ivoire","5510","Production","01312","Bananas","2020","2020","tonnes","625981","A","Official figure"
"QCL","Crops and livestock products","384","Côte d'Ivoire","5312","Area harvested","01313","Plantains and cooking bananas","2020","2020","ha","501667","I","Imputed value"
"QCL","Crops and livestock products","384","Côte d'Ivoire","5419","Yield","01313","Plantains and cooking bananas","2020","2020","hg/ha","37530","E","Estimated value"
"QCL","Crops and livestock products","384","Côte d'Ivoire","5510","Production","01313","Plantains and cooking bananas","2020","2020","tonnes","1882779","I","Imputed value"
"QCL","Crops and livestock products","191","Croatia","5312","Area harvested","01312","Bananas","2020","2020","ha","0","A","Official figure"
"QCL","Crops and livestock products","191","Croatia","5510","Production","01312","Bananas","2020","2020","tonnes","0","A","Official figure"
"QCL","Crops and livestock products","192","Cuba","5312","Area harvested","01312","Bananas","2020","2020","ha","36095","A","Official figure"
"QCL","Crops and livestock products","192","Cuba","5419","Yield","01312","Bananas","2020","2020","hg/ha","72975","E","Estimated value"
"QCL","Crops and livestock products","192","Cuba","5510","Production","01312","Bananas","2020","2020","tonnes","263405","A","Official figure"
"QCL","Crops and livestock products","192","Cuba","5312","Area harvested","01313","Plantains and cooking bananas","2020","2020","ha","63811","A","Official figure"
"QCL","Crops and livestock products","192","Cuba","5419","Yield","01313","Plantains and cooking bananas","2020","2020","hg/ha","93146","E","Estimated value"
"QCL","Crops and livestock products","192","Cuba","5510","Production","01313","Plantains and cooking bananas","2020","2020","tonnes","594374","A","Official figure"
"QCL","Crops and livestock products","196","Cyprus","5312","Area harvested","01312","Bananas","2020","2020","ha","210","A","Official figure"
"QCL","Crops and livestock products","196","Cyprus","5419","Yield","01312","Bananas","2020","2020","hg/ha","269048","E","Estimated value"
"QCL","Crops and livestock products","196","Cyprus","5510","Production","01312","Bananas","2020","2020","tonnes","5650","A","Official figure"
"QCL","Crops and livestock products","203","Czechia","5312","Area harvested","01312","Bananas","2020","2020","ha","0","A","Official figure"
"QCL","Crops and livestock products","203","Czechia","5510","Production","01312","Bananas","2020","2020","tonnes","0","A","Official figure"
"QCL","Crops and livestock products","180","Democratic Republic of the Congo","5312","Area harvested","01312","Bananas","2020","2020","ha","226057","I","Imputed value"
"QCL","Crops and livestock products","180","Democratic Republic of the Congo","5419","Yield","01312","Bananas","2020","2020","hg/ha","36345","E","Estimated value"
"QCL","Crops and livestock products","180","Democratic Republic of the Congo","5510","Production","01312","Bananas","2020","2020","tonnes","821613","I","Imputed value"
"QCL","Crops and livestock products","180","Democratic Republic of the Congo","5312","Area harvested","01313","Plantains and cooking bananas","2020","2020","ha","1105564","I","Imputed value"
"QCL","Crops and livestock products","180","Democratic Republic of the Congo","5419","Yield","01313","Plantains and cooking bananas","2020","2020","hg/ha","44249","E","Estimated value"
"QCL","Crops and livestock products","180","Democratic Republic of the Congo","5510","Production","01313","Plantains and cooking bananas","2020","2020","tonnes","4891990","I","Imputed value"
"QCL","Crops and livestock products","208","Denmark","5312","Area harvested","01312","Bananas","2020","2020","ha","0","A","Official figure"
"QCL","Crops and livestock products","208","Denmark","5510","Production","01312","Bananas","2020","2020","tonnes","0","A","Official figure"
"QCL","Crops and livestock products","212","Dominica","5312","Area harvested","01312","Bananas","2020","2020","ha","2781","E","Estimated value"
"QCL","Crops and livestock products","212","Dominica","5419","Yield","01312","Bananas","2020","2020","hg/ha","76455","E","Estimated value"
"QCL","Crops and livestock products","212","Dominica","5510","Production","01312","Bananas","2020","2020","tonnes","21262","E","Estimated value"
"QCL","Crops and livestock products","212","Dominica","5312","Area harvested","01313","Plantains and cooking bananas","2020","2020","ha","715","I","Imputed value"
"QCL","Crops and livestock products","212","Dominica","5419","Yield","01313","Plantains and cooking bananas","2020","2020","hg/ha","73930","E","Estimated value"
"QCL","Crops and livestock products","212","Dominica","5510","Production","01313","Plantains and cooking bananas","2020","2020","tonnes","5286","I","Imputed value"
"QCL","Crops and livestock products","214","Dominican Republic","5312","Area harvested","01312","Bananas","2020","2020","ha","29111","A","Official figure"
"QCL","Crops and livestock products","214","Dominican Republic","5419","Yield","01312","Bananas","2020","2020","hg/ha","423221","E","Estimated value"
"QCL","Crops and livestock products","214","Dominican Republic","5510","Production","01312","Bananas","2020","2020","tonnes","1232039","A","Official figure"
"QCL","Crops and livestock products","214","Dominican Republic","5312","Area harvested","01313","Plantains and cooking bananas","2020","2020","ha","49423","A","Official figure"
"QCL","Crops and livestock products","214","Dominican Republic","5419","Yield","01313","Plantains and cooking bananas","2020","2020","hg/ha","213088","E","Estimated value"
"QCL","Crops and livestock products","214","Dominican Republic","5510","Production","01313","Plantains and cooking bananas","2020","2020","tonnes","1053143","A","Official figure"
"QCL","Crops and livestock products","218","Ecuador","5312","Area harvested","01312","Bananas","2020","2020","ha","160630","A","Official figure"
"QCL","Crops and livestock products","218","Ecuador","5419","Yield","01312","Bananas","2020","2020","hg/ha","374985","E","Estimated value"
"QCL","Crops and livestock products","218","Ecuador","5510","Production","01312","Bananas","2020","2020","tonnes","6023390","A","Official figure"
"QCL","Crops and livestock products","218","Ecuador","5312","Area harvested","01313","Plantains and cooking bananas","2020","2020","ha","127895","A","Official figure"
"QCL","Crops and livestock products","218","Ecuador","5419","Yield","01313","Plantains and cooking bananas","2020","2020","hg/ha","56476","E","Estimated value"
"QCL","Crops and livestock products","218","Ecuador","5510","Production","01313","Plantains and cooking bananas","2020","2020","tonnes","722298","A","Official figure"
"QCL","Crops and livestock products","818","Egypt","5312","Area harvested","01312","Bananas","2020","2020","ha","30864","I","Imputed value"
"QCL","Crops and livestock products","818","Egypt","5419","Yield","01312","Bananas","2020","2020","hg/ha","448079","E","Estimated value"
"QCL","Crops and livestock products","818","Egypt","5510","Production","01312","Bananas","2020","2020","tonnes","1382950","I","Imputed value"
"QCL","Crops and livestock products","222","El Salvador","5312","Area harvested","01312","Bananas","2020","2020","ha","1033","I","Imputed value"
"QCL","Crops and livestock products","222","El Salvador","5419","Yield","01312","Bananas","2020","2020","hg/ha","135799","E","Estimated value"
"QCL","Crops and livestock products","222","El Salvador","5510","Production","01312","Bananas","2020","2020","tonnes","14028","I","Imputed value"
"QCL","Crops and livestock products","222","El Salvador","5312","Area harvested","01313","Plantains and cooking bananas","2020","2020","ha","1844","I","Imputed value"
"QCL","Crops and livestock products","222","El Salvador","5419","Yield","01313","Plantains and cooking bananas","2020","2020","hg/ha","203774","E","Estimated value"
"QCL","Crops and livestock products","222","El Salvador","5510","Production","01313","Plantains and cooking bananas","2020","2020","tonnes","37576","I","Imputed value"
"QCL","Crops and livestock products","226","Equatorial Guinea","5312","Area harvested","01312","Bananas","2020","2020","ha","6400","E","Estimated value"
"QCL","Crops and livestock products","226","Equatorial Guinea","5419","Yield","01312","Bananas","2020","2020","hg/ha","46570","E","Estimated value"
"QCL","Crops and livestock products","226","Equatorial Guinea","5510","Production","01312","Bananas","2020","2020","tonnes","29805","E","Estimated value"
"QCL","Crops and livestock products","226","Equatorial Guinea","5312","Area harvested","01313","Plantains and cooking bananas","2020","2020","ha","7907","E","Estimated value"
"QCL","Crops and livestock products","226","Equatorial Guinea","5419","Yield","01313","Plantains and cooking bananas","2020","2020","hg/ha","51213","E","Estimated value"
"QCL","Crops and livestock products","226","Equatorial Guinea","5510","Production","01313","Plantains and cooking bananas","2020","2020","tonnes","40494","E","Estimated value"
"QCL","Crops and livestock products","233","Estonia","5312","Area harvested","01312","Bananas","2020","2020","ha","0","A","Official figure"
"QCL","Crops and livestock products","233","Estonia","5510","Production","01312","Bananas","2020","2020","tonnes","0","A","Official figure"
"QCL","Crops and livestock products","748","Eswatini","5312","Area harvested","01312","Bananas","2020","2020","ha","1095","E","Estimated value"
"QCL","Crops and livestock products","748","Eswatini","5419","Yield","01312","Bananas","2020","2020","hg/ha","59553","E","Estimated value"
"QCL","Crops and livestock products","748","Eswatini","5510","Production","01312","Bananas","2020","2020","tonnes","6521","E","Estimated value"
"QCL","Crops and livestock products","231","Ethiopia","5312","Area harvested","01312","Bananas","2020","2020","ha","95954","A","Official figure"
"QCL","Crops and livestock products","231","Ethiopia","5419","Yield","01312","Bananas","2020","2020","hg/ha","93624","E","Estimated value"
"QCL","Crops and livestock products","231","Ethiopia","5510","Production","01312","Bananas","2020","2020","tonnes","898355","A","Official figure"
"QCL","Crops and livestock products","242","Fiji","5312","Area harvested","01312","Bananas","2020","2020","ha","1095","A","Official figure"
"QCL","Crops and livestock products","242","Fiji","5419","Yield","01312","Bananas","2020","2020","hg/ha","80027","E","Estimated value"
"QCL","Crops and livestock products","242","Fiji","5510","Production","01312","Bananas","2020","2020","tonnes","8763","A","Official figure"
"QCL","Crops and livestock products","242","Fiji","5312","Area harvested","01313","Plantains and cooking bananas","2020","2020","ha","187","A","Official figure"
"QCL","Crops and livestock products","242","Fiji","5419","Yield","01313","Plantains and cooking bananas","2020","2020","hg/ha","320695","E","Estimated value"
"QCL","Crops and livestock products","242","Fiji","5510","Production","01313","Plantains and cooking bananas","2020","2020","tonnes","5997","A","Official figure"
"QCL","Crops and livestock products","246","Finland","5312","Area harvested","01312","Bananas","2020","2020","ha","0","A","Official figure"
"QCL","Crops and livestock products","246","Finland","5510","Production","01312","Bananas","2020","2020","tonnes","0","A","Official figure"
"QCL","Crops and livestock products","250","France","5312","Area harvested","01312","Bananas","2020","2020","ha","9090","A","Official figure"
"QCL","Crops and livestock products","250","France","5419","Yield","01312","Bananas","2020","2020","hg/ha","221606","E","Estimated value"
"QCL","Crops and livestock products","250","France","5510","Production","01312","Bananas","2020","2020","tonnes","201440","A","Official figure"
"QCL","Crops and livestock products","258","French Polynesia","5312","Area harvested","01312","Bananas","2020","2020","ha","30","E","Estimated value"
"QCL","Crops and livestock products","258","French Polynesia","5419","Yield","01312","Bananas","2020","2020","hg/ha","69333","E","Estimated value"
"QCL","Crops and livestock products","258","French Polynesia","5510","Production","01312","Bananas","2020","2020","tonnes","208","E","Estimated value"
"QCL","Crops and livestock products","266","Gabon","5312","Area harvested","01312","Bananas","2020","2020","ha","2320","I","Imputed value"
"QCL","Crops and livestock products","266","Gabon","5419","Yield","01312","Bananas","2020","2020","hg/ha","76767","E","Estimated value"
"QCL","Crops and livestock products","266","Gabon","5510","Production","01312","Bananas","2020","2020","tonnes","17810","E","Estimated value"
"QCL","Crops and livestock products","266","Gabon","5312","Area harvested","01313","Plantains and cooking bananas","2020","2020","ha","51739","I","Imputed value"
"QCL","Crops and livestock products","266","Gabon","5419","Yield","01313","Plantains and cooking bananas","2020","2020","hg/ha","66853","E","Estimated value"
"QCL","Crops and livestock products","266","Gabon","5510","Production","01313","Plantains and cooking bananas","2020","2020","tonnes","345890","I","Imputed value"
"QCL","Crops and livestock products","276","Germany","5312","Area harvested","01312","Bananas","2020","2020","ha","0","A","Official figure"
"QCL","Crops and livestock products","276","Germany","5510","Production","01312","Bananas","2020","2020","tonnes","0","A","Official figure"
"QCL","Crops and livestock products","288","Ghana","5312","Area harvested","01312","Bananas","2020","2020","ha","7808","I","Imputed value"
"QCL","Crops and livestock products","288","Ghana","5419","Yield","01312","Bananas","2020","2020","hg/ha","112490","E","Estimated value"
"QCL","Crops and livestock products","288","Ghana","5510","Production","01312","Bananas","2020","2020","tonnes","87832","E","Estimated value"
"QCL","Crops and livestock products","288","Ghana","5312","Area harvested","01313","Plantains and cooking bananas","2020","2020","ha","418354","I","Imputed value"
"QCL","Crops and livestock products","288","Ghana","5419","Yield","01313","Plantains and cooking bananas","2020","2020","hg/ha","111580","E","Estimated value"
"QCL","Crops and livestock products","288","Ghana","5510","Production","01313","Plantains and cooking bananas","2020","2020","tonnes","4667999","I","Imputed value"
"QCL","Crops and livestock products","300","Greece","5312","Area harvested","01312","Bananas","2020","2020","ha","100","A","Official figure"
"QCL","Crops and livestock products","300","Greece","5419","Yield","01312","Bananas","2020","2020","hg/ha","479000","E","Estimated value"
"QCL","Crops and livestock products","300","Greece","5510","Production","01312","Bananas","2020","2020","tonnes","4790","A","Official figure"
"QCL","Crops and livestock products","308","Grenada","5312","Area harvested","01312","Bananas","2020","2020","ha","580","I","Imputed value"
"QCL","Crops and livestock products","308","Grenada","5419","Yield","01312","Bananas","2020","2020","hg/ha","33948","E","Estimated value"
"QCL","Crops and livestock products","308","Grenada","5510","Production","01312","Bananas","2020","2020","tonnes","1969","A","Official figure"
"QCL","Crops and livestock products","308","Grenada","5312","Area harvested","01313","Plantains and cooking bananas","2020","2020","ha","385","I","Imputed value"
"QCL","Crops and livestock products","308","Grenada","5419","Yield","01313","Plantains and cooking bananas","2020","2020","hg/ha","78935","E","Estimated value"
"QCL","Crops and livestock products","308","Grenada","5510","Production","01313","Plantains and cooking bananas","2020","2020","tonnes","3039","A","Official figure"
"QCL","Crops and livestock products","320","Guatemala","5312","Area harvested","01312","Bananas","2020","2020","ha","93554","I","Imputed value"
"QCL","Crops and livestock products","320","Guatemala","5419","Yield","01312","Bananas","2020","2020","hg/ha","478513","E","Estimated value"
"QCL","Crops and livestock products","320","Guatemala","5510","Production","01312","Bananas","2020","2020","tonnes","4476680","I","Imputed value"
"QCL","Crops and livestock products","320","Guatemala","5312","Area harvested","01313","Plantains and cooking bananas","2020","2020","ha","15472","I","Imputed value"
"QCL","Crops and livestock products","320","Guatemala","5419","Yield","01313","Plantains and cooking bananas","2020","2020","hg/ha","217455","E","Estimated value"
"QCL","Crops and livestock products","320","Guatemala","5510","Production","01313","Plantains and cooking bananas","2020","2020","tonnes","336447","I","Imputed value"
"QCL","Crops and livestock products","324","Guinea","5312","Area harvested","01312","Bananas","2020","2020","ha","40380","I","Imputed value"
"QCL","Crops and livestock products","324","Guinea","5419","Yield","01312","Bananas","2020","2020","hg/ha","54839","E","Estimated value"
"QCL","Crops and livestock products","324","Guinea","5510","Production","01312","Bananas","2020","2020","tonnes","221438","E","Estimated value"
"QCL","Crops and livestock products","324","Guinea","5312","Area harvested","01313","Plantains and cooking bananas","2020","2020","ha","92930","I","Imputed value"
"QCL","Crops and livestock products","324","Guinea","5419","Yield","01313","Plantains and cooking bananas","2020","2020","hg/ha","52361","E","Estimated value"
"QCL","Crops and livestock products","324","Guinea","5510","Production","01313","Plantains and cooking bananas","2020","2020","tonnes","486594","I","Imputed value"
"QCL","Crops and livestock products","624","Guinea-Bissau","5312","Area harvested","01312","Bananas","2020","2020","ha","695","E","Estimated value"
"QCL","Crops and livestock products","624","Guinea-Bissau","5419","Yield","01312","Bananas","2020","2020","hg/ha","119885","E","Estimated value"
"QCL","Crops and livestock products","624","Guinea-Bissau","5510","Production","01312","Bananas","2020","2020","tonnes","8332","E","Estimated value"
"QCL","Crops and livestock products","624","Guinea-Bissau","5312","Area harvested","01313","Plantains and cooking bananas","2020","2020","ha","17031","E","Estimated value"
"QCL","Crops and livestock products","624","Guinea-Bissau","5419","Yield","01313","Plantains and cooking bananas","2020","2020","hg/ha","31675","E","Estimated value"
"QCL","Crops and livestock products","624","Guinea-Bissau","5510","Production","01313","Plantains and cooking bananas","2020","2020","tonnes","53946","E","Estimated value"
"QCL","Crops and livestock products","328","Guyana","5312","Area harvested","01312","Bananas","2020","2020","ha","571","A","Official figure"
"QCL","Crops and livestock products","328","Guyana","5419","Yield","01312","Bananas","2020","2020","hg/ha","301313","E","Estimated value"
"QCL","Crops and livestock products","328","Guyana","5510","Production","01312","Bananas","2020","2020","tonnes","17205","A","Official figure"
"QCL","Crops and livestock products","328","Guyana","5312","Area harvested","01313","Plantains and cooking bananas","2020","2020","ha","3389","I","Imputed value"
"QCL","Crops and livestock products","328","Guyana","5419","Yield","01313","Plantains and cooking bananas","2020","2020","hg/ha","327492","E","Estimated value"
"QCL","Crops and livestock products","328","Guyana","5510","Production","01313","Plantains and cooking bananas","2020","2020","tonnes","110987","A","Official figure"
"QCL","Crops and livestock products","332","Haiti","5312","Area harvested","01312","Bananas","2020","2020","ha","55936","E","Estimated value"
"QCL","Crops and livestock products","332","Haiti","5419","Yield","01312","Bananas","2020","2020","hg/ha","48602","E","Estimated value"
"QCL","Crops and livestock products","332","Haiti","5510","Production","01312","Bananas","2020","2020","tonnes","271861","E","Estimated value"
"QCL","Crops and livestock products","332","Haiti","5312","Area harvested","01313","Plantains and cooking bananas","2020","2020","ha","38845","I","Imputed value"
"QCL","Crops and livestock products","332","Haiti","5419","Yield","01313","Plantains and cooking bananas","2020","2020","hg/ha","64860","E","Estimated value"
"QCL","Crops and livestock products","332","Haiti","5510","Production","01313","Plantains and cooking bananas","2020","2020","tonnes","251950","I","Imputed value"
"QCL","Crops and livestock products","340","Honduras","5312","Area harvested","01312","Bananas","2020","2020","ha","11144","I","Imputed value"
"QCL","Crops and livestock products","340","Honduras","5419","Yield","01312","Bananas","2020","2020","hg/ha","525780","E","Estimated value"
"QCL","Crops and livestock products","340","Honduras","5510","Production","01312","Bananas","2020","2020","tonnes","585929","A","Official figure"
"QCL","Crops and livestock products","340","Honduras","5312","Area harvested","01313","Plantains and cooking bananas","2020","2020","ha","7868","E","Estimated value"
"QCL","Crops and livestock products","340","Honduras","5419","Yield","01313","Plantains and cooking bananas","2020","2020","hg/ha","121532","E","Estimated value"
"QCL","Crops and livestock products","340","Honduras","5510","Production","01313","Plantains and cooking bananas","2020","2020","tonnes","95621","E","Estimated value"
"QCL","Crops and livestock products","348","Hungary","5312","Area harvested","01312","Bananas","2020","2020","ha","0","A","Official figure"
"QCL","Crops and livestock products","348","Hungary","5510","Production","01312","Bananas","2020","2020","tonnes","0","A","Official figure"
"QCL","Crops and livestock products","356","India","5312","Area harvested","01312","Bananas","2020","2020","ha","878000","A","Official figure"
"QCL","Crops and livestock products","356","India","5419","Yield","01312","Bananas","2020","2020","hg/ha","358815","E","Estimated value"
"QCL","Crops and livestock products","356","India","5510","Production","01312","Bananas","2020","2020","tonnes","31504000","A","Official figure"
"QCL","Crops and livestock products","360","Indonesia","5312","Area harvested","01312","Bananas","2020","2020","ha","158147","I","Imputed value"
"QCL","Crops and livestock products","360","Indonesia","5419","Yield","01312","Bananas","2020","2020","hg/ha","517415","E","Estimated value"
"QCL","Crops and livestock products","360","Indonesia","5510","Production","01312","Bananas","2020","2020","tonnes","8182756","A","Official figure"
"QCL","Crops and livestock products","364","Iran (Islamic Republic of)","5312","Area harvested","01312","Bananas","2020","2020","ha","4080","E","Estimated value"
"QCL","Crops and livestock products","364","Iran (Islamic Republic of)","5419","Yield","01312","Bananas","2020","2020","hg/ha","315922","E","Estimated value"
"QCL","Crops and livestock products","364","Iran (Islamic Republic of)","5510","Production","01312","Bananas","2020","2020","tonnes","128896","E","Estimated value"
"QCL","Crops and livestock products","372","Ireland","5312","Area harvested","01312","Bananas","2020","2020","ha","0","A","Official figure"
"QCL","Crops and livestock products","372","Ireland","5510","Production","01312","Bananas","2020","2020","tonnes","0","A","Official figure"
"QCL","Crops and livestock products","376","Israel","5312","Area harvested","01312","Bananas","2020","2020","ha","3042","A","Official figure"
"QCL","Crops and livestock products","376","Israel","5419","Yield","01312","Bananas","2020","2020","hg/ha","502959","E","Estimated value"
"QCL","Crops and livestock products","376","Israel","5510","Production","01312","Bananas","2020","2020","tonnes","153000","A","Official figure"
"QCL","Crops and livestock products","380","Italy","5312","Area harvested","01312","Bananas","2020","2020","ha","0","A","Official figure"
"QCL","Crops and livestock products","380","Italy","5510","Production","01312","Bananas","2020","2020","tonnes","0","A","Official figure"
"QCL","Crops and livestock products","388","Jamaica","5312","Area harvested","01312","Bananas","2020","2020","ha","8239","I","Imputed value"
"QCL","Crops and livestock products","388","Jamaica","5419","Yield","01312","Bananas","2020","2020","hg/ha","75564","E","Estimated value"
"QCL","Crops and livestock products","388","Jamaica","5510","Production","01312","Bananas","2020","2020","tonnes","62257","A","Official figure"
"QCL","Crops and livestock products","388","Jamaica","5312","Area harvested","01313","Plantains and cooking bananas","2020","2020","ha","2321","A","Official figure"
"QCL","Crops and livestock products","388","Jamaica","5419","Yield","01313","Plantains and cooking bananas","2020","2020","hg/ha","193115","E","Estimated value"
"QCL","Crops and livestock products","388","Jamaica","5510","Production","01313","Plantains and cooking bananas","2020","2020","tonnes","44822","A","Official figure"
"QCL","Crops and livestock products","392","Japan","5312","Area harvested","01312","Bananas","2020","2020","ha","5","E","Estimated value"
"QCL","Crops and livestock products","392","Japan","5419","Yield","01312","Bananas","2020","2020","hg/ha","36000","E","Estimated value"
"QCL","Crops and livestock products","392","Japan","5510","Production","01312","Bananas","2020","2020","tonnes","18","E","Estimated value"
"QCL","Crops and livestock products","400","Jordan","5312","Area harvested","01312","Bananas","2020","2020","ha","832","I","Imputed value"
"QCL","Crops and livestock products","400","Jordan","5419","Yield","01312","Bananas","2020","2020","hg/ha","472356","E","Estimated value"
"QCL","Crops and livestock products","400","Jordan","5510","Production","01312","Bananas","2020","2020","tonnes","39300","I","Imputed value"
"QCL","Crops and livestock products","404","Kenya","5312","Area harvested","01312","Bananas","2020","2020","ha","72123","A","Official figure"
"QCL","Crops and livestock products","404","Kenya","5419","Yield","01312","Bananas","2020","2020","hg/ha","257430","E","Estimated value"
"QCL","Crops and livestock products","404","Kenya","5510","Production","01312","Bananas","2020","2020","tonnes","1856659","A","Official figure"
"QCL","Crops and livestock products","404","Kenya","5312","Area harvested","01313","Plantains and cooking bananas","2020","2020","ha","2745","E","Estimated value"
"QCL","Crops and livestock products","404","Kenya","5419","Yield","01313","Plantains and cooking bananas","2020","2020","hg/ha","119960","E","Estimated value"
"QCL","Crops and livestock products","404","Kenya","5510","Production","01313","Plantains and cooking bananas","2020","2020","tonnes","32929","E","Estimated value"
"QCL","Crops and livestock products","296","Kiribati","5312","Area harvested","01312","Bananas","2020","2020","ha","1426","E","Estimated value"
"QCL","Crops and livestock products","296","Kiribati","5419","Yield","01312","Bananas","2020","2020","hg/ha","51746","E","Estimated value"
"QCL","Crops and livestock products","296","Kiribati","5510","Production","01312","Bananas","2020","2020","tonnes","7379","E","Estimated value"
"QCL","Crops and livestock products","414","Kuwait","5312","Area harvested","01312","Bananas","2020","2020","ha","","M","Missing value (data cannot exist, not applicable)"
"QCL","Crops and livestock products","414","Kuwait","5510","Production","01312","Bananas","2020","2020","tonnes","","M","Missing value (data cannot exist, not applicable)"
"QCL","Crops and livestock products","418","Lao People's Democratic Republic","5312","Area harvested","01312","Bananas","2020","2020","ha","27816","I","Imputed value"
"QCL","Crops and livestock products","418","Lao People's Democratic Republic","5419","Yield","01312","Bananas","2020","2020","hg/ha","253838","E","Estimated value"
"QCL","Crops and livestock products","418","Lao People's Democratic Republic","5510","Production","01312","Bananas","2020","2020","tonnes","706075","I","Imputed value"
"QCL","Crops and livestock products","418","Lao People's Democratic Republic","5312","Area harvested","01313","Plantains and cooking bananas","2020","2020","ha","","M","Missing value (data cannot exist, not applicable)"
"QCL","Crops and livestock products","418","Lao People's Democratic Republic","5510","Production","01313","Plantains and cooking bananas","2020","2020","tonnes","","M","Missing value (data cannot exist, not applicable)"
"QCL","Crops and livestock products","428","Latvia","5312","Area harvested","01312","Bananas","2020","2020","ha","0","A","Official figure"
"QCL","Crops and livestock products","428","Latvia","5510","Production","01312","Bananas","2020","2020","tonnes","0","A","Official figure"
"QCL","Crops and livestock products","422","Lebanon","5312","Area harvested","01312","Bananas","2020","2020","ha","2086","I","Imputed value"
"QCL","Crops and livestock products","422","Lebanon","5419","Yield","01312","Bananas","2020","2020","hg/ha","395786","E","Estimated value"
"QCL","Crops and livestock products","422","Lebanon","5510","Production","01312","Bananas","2020","2020","tonnes","82561","I","Imputed value"
"QCL","Crops and livestock products","430","Liberia","5312","Area harvested","01312","Bananas","2020","2020","ha","12574","E","Estimated value"
"QCL","Crops and livestock products","430","Liberia","5419","Yield","01312","Bananas","2020","2020","hg/ha","108025","E","Estimated value"
"QCL","Crops and livestock products","430","Liberia","5510","Production","01312","Bananas","2020","2020","tonnes","135831","E","Estimated value"
"QCL","Crops and livestock products","430","Liberia","5312","Area harvested","01313","Plantains and cooking bananas","2020","2020","ha","22485","E","Estimated value"
"QCL","Crops and livestock products","430","Liberia","5419","Yield","01313","Plantains and cooking bananas","2020","2020","hg/ha","22105","E","Estimated value"
"QCL","Crops and livestock products","430","Liberia","5510","Production","01313","Plantains and cooking bananas","2020","2020","tonnes","49704","E","Estimated value"
"QCL","Crops and livestock products","434","Libya","5312","Area harvested","01312","Bananas","2020","2020","ha","","M","Missing value (data cannot exist, not applicable)"
"QCL","Crops and livestock products","434","Libya","5510","Production","01312","Bananas","2020","2020","tonnes","","M","Missing value (data cannot exist, not applicable)"
"QCL","Crops and livestock products","440","Lithuania","5312","Area harvested","01312","Bananas","2020","2020","ha","0","A","Official figure"
"QCL","Crops and livestock products","440","Lithuania","5510","Production","01312","Bananas","2020","2020","tonnes","0","A","Official figure"
"QCL","Crops and livestock products","442","Luxembourg","5312","Area harvested","01312","Bananas","2020","2020","ha","0","A","Official figure"
"QCL","Crops and livestock products","442","Luxembourg","5510","Production","01312","Bananas","2020","2020","tonnes","0","A","Official figure"
"QCL","Crops and livestock products","450","Madagascar","5312","Area harvested","01312","Bananas","2020","2020","ha","68054","E","Estimated value"
"QCL","Crops and livestock products","450","Madagascar","5419","Yield","01312","Bananas","2020","2020","hg/ha","55011","E","Estimated value"
"QCL","Crops and livestock products","450","Madagascar","5510","Production","01312","Bananas","2020","2020","tonnes","374372","E","Estimated value"
"QCL","Crops and livestock products","454","Malawi","5312","Area harvested","01312","Bananas","2020","2020","ha","12978","I","Imputed value"
"QCL","Crops and livestock products","454","Malawi","5419","Yield","01312","Bananas","2020","2020","hg/ha","313101","E","Estimated value"
"QCL","Crops and livestock products","454","Malawi","5510","Production","01312","Bananas","2020","2020","tonnes","406343","E","Estimated value"
"QCL","Crops and livestock products","454","Malawi","5312","Area harvested","01313","Plantains and cooking bananas","2020","2020","ha","37523","E","Estimated value"
"QCL","Crops and livestock products","454","Malawi","5419","Yield","01313","Plantains and cooking bananas","2020","2020","hg/ha","102643","E","Estimated value"
"QCL","Crops and livestock products","454","Malawi","5510","Production","01313","Plantains and cooking bananas","2020","2020","tonnes","385146","E","Estimated value"
"QCL","Crops and livestock products","458","Malaysia","5312","Area harvested","01312","Bananas","2020","2020","ha","21630","A","Official figure"
"QCL","Crops and livestock products","458","Malaysia","5419","Yield","01312","Bananas","2020","2020","hg/ha","144692","E","Estimated value"
"QCL","Crops and livestock products","458","Malaysia","5510","Production","01312","Bananas","2020","2020","tonnes","312968","A","Official figure"
"QCL","Crops and livestock products","462","Maldives","5312","Area harvested","01312","Bananas","2020","2020","ha","8","I","Imputed value"
"QCL","Crops and livestock products","462","Maldives","5419","Yield","01312","Bananas","2020","2020","hg/ha","302500","E","Estimated value"
"QCL","Crops and livestock products","462","Maldives","5510","Production","01312","Bananas","2020","2020","tonnes","242","A","Official figure"
"QCL","Crops and livestock products","466","Mali","5312","Area harvested","01312","Bananas","2020","2020","ha","8412","A","Official figure"
"QCL","Crops and livestock products","466","Mali","5419","Yield","01312","Bananas","2020","2020","hg/ha","238335","E","Estimated value"
"QCL","Crops and livestock products","466","Mali","5510","Production","01312","Bananas","2020","2020","tonnes","200487","A","Official figure"
"QCL","Crops and livestock products","470","Malta","5312","Area harvested","01312","Bananas","2020","2020","ha","0","A","Official figure"
"QCL","Crops and livestock products","470","Malta","5510","Production","01312","Bananas","2020","2020","tonnes","0","A","Official figure"
"QCL","Crops and livestock products","480","Mauritius","5312","Area harvested","01312","Bananas","2020","2020","ha","521","A","Official figure"
"QCL","Crops and livestock products","480","Mauritius","5419","Yield","01312","Bananas","2020","2020","hg/ha","163378","E","Estimated value"
"QCL","Crops and livestock products","480","Mauritius","5510","Production","01312","Bananas","2020","2020","tonnes","8512","A","Official figure"
"QCL","Crops and livestock products","484","Mexico","5312","Area harvested","01312","Bananas","2020","2020","ha","79747","A","Official figure"
"QCL","Crops and livestock products","484","Mexico","5419","Yield","01312","Bananas","2020","2020","hg/ha","308999","E","Estimated value"
"QCL","Crops and livestock products","484","Mexico","5510","Production","01312","Bananas","2020","2020","tonnes","2464171","A","Official figure"
"QCL","Crops and livestock products","583","Micronesia (Federated States of)","5312","Area harvested","01312","Bananas","2020","2020","ha","383","I","Imputed value"
"QCL","Crops and livestock products","583","Micronesia (Federated States of)","5419","Yield","01312","Bananas","2020","2020","hg/ha","53238","E","Estimated value"
"QCL","Crops and livestock products","583","Micronesia (Federated States of)","5510","Production","01312","Bananas","2020","2020","tonnes","2039","I","Imputed value"
"QCL","Crops and livestock products","583","Micronesia (Federated States of)","5312","Area harvested","01313","Plantains and cooking bananas","2020","2020","ha","603","I","Imputed value"
"QCL","Crops and livestock products","583","Micronesia (Federated States of)","5419","Yield","01313","Plantains and cooking bananas","2020","2020","hg/ha","5124","E","Estimated value"
"QCL","Crops and livestock products","583","Micronesia (Federated States of)","5510","Production","01313","Plantains and cooking bananas","2020","2020","tonnes","309","I","Imputed value"
"QCL","Crops and livestock products","504","Morocco","5312","Area harvested","01312","Bananas","2020","2020","ha","8786","A","Official figure"
"QCL","Crops and livestock products","504","Morocco","5419","Yield","01312","Bananas","2020","2020","hg/ha","388070","E","Estimated value"
"QCL","Crops and livestock products","504","Morocco","5510","Production","01312","Bananas","2020","2020","tonnes","340958","A","Official figure"
"QCL","Crops and livestock products","508","Mozambique","5312","Area harvested","01312","Bananas","2020","2020","ha","92479","I","Imputed value"
"QCL","Crops and livestock products","508","Mozambique","5419","Yield","01312","Bananas","2020","2020","hg/ha","83750","E","Estimated value"
"QCL","Crops and livestock products","508","Mozambique","5510","Production","01312","Bananas","2020","2020","tonnes","774514","I","Imputed value"
"QCL","Crops and livestock products","104","Myanmar","5312","Area harvested","01313","Plantains and cooking bananas","2020","2020","ha","102151","I","Imputed value"
"QCL","Crops and livestock products","104","Myanmar","5419","Yield","01313","Plantains and cooking bananas","2020","2020","hg/ha","133275","E","Estimated value"
"QCL","Crops and livestock products","104","Myanmar","5510","Production","01313","Plantains and cooking bananas","2020","2020","tonnes","1361419","I","Imputed value"
"QCL","Crops and livestock products","524","Nepal","5312","Area harvested","01312","Bananas","2020","2020","ha","16699","A","Official figure"
"QCL","Crops and livestock products","524","Nepal","5419","Yield","01312","Bananas","2020","2020","hg/ha","152201","E","Estimated value"
"QCL","Crops and livestock products","524","Nepal","5510","Production","01312","Bananas","2020","2020","tonnes","254161","A","Official figure"
"QCL","Crops and livestock products","528","Netherlands","5312","Area harvested","01312","Bananas","2020","2020","ha","0","A","Official figure"
"QCL","Crops and livestock products","528","Netherlands","5510","Production","01312","Bananas","2020","2020","tonnes","0","A","Official figure"
"QCL","Crops and livestock products","540","New Caledonia","5312","Area harvested","01312","Bananas","2020","2020","ha","565","I","Imputed value"
"QCL","Crops and livestock products","540","New Caledonia","5419","Yield","01312","Bananas","2020","2020","hg/ha","41841","E","Estimated value"
"QCL","Crops and livestock products","540","New Caledonia","5510","Production","01312","Bananas","2020","2020","tonnes","2364","A","Official figure"
"QCL","Crops and livestock products","540","New Caledonia","5312","Area harvested","01313","Plantains and cooking bananas","2020","2020","ha","142","I","Imputed value"
"QCL","Crops and livestock products","540","New Caledonia","5419","Yield","01313","Plantains and cooking bananas","2020","2020","hg/ha","19437","E","Estimated value"
"QCL","Crops and livestock products","540","New Caledonia","5510","Production","01313","Plantains and cooking bananas","2020","2020","tonnes","276","A","Official figure"
"QCL","Crops and livestock products","558","Nicaragua","5312","Area harvested","01312","Bananas","2020","2020","ha","1824","A","Official figure"
"QCL","Crops and livestock products","558","Nicaragua","5419","Yield","01312","Bananas","2020","2020","hg/ha","562654","E","Estimated value"
"QCL","Crops and livestock products","558","Nicaragua","5510","Production","01312","Bananas","2020","2020","tonnes","102628","A","Official figure"
"QCL","Crops and livestock products","558","Nicaragua","5312","Area harvested","01313","Plantains and cooking bananas","2020","2020","ha","15764","A","Official figure"
"QCL","Crops and livestock products","558","Nicaragua","5419","Yield","01313","Plantains and cooking bananas","2020","2020","hg/ha","182878","E","Estimated value"
"QCL","Crops and livestock products","558","Nicaragua","5510","Production","01313","Plantains and cooking bananas","2020","2020","tonnes","288289","A","Official figure"
"QCL","Crops and livestock products","566","Nigeria","5312","Area harvested","01313","Plantains and cooking bananas","2020","2020","ha","492833","E","Estimated value"
"QCL","Crops and livestock products","566","Nigeria","5419","Yield","01313","Plantains and cooking bananas","2020","2020","hg/ha","62438","E","Estimated value"
"QCL","Crops and livestock products","566","Nigeria","5510","Production","01313","Plantains and cooking bananas","2020","2020","tonnes","3077159","E","Estimated value"
"QCL","Crops and livestock products","570","Niue","5312","Area harvested","01312","Bananas","2020","2020","ha","41","I","Imputed value"
"QCL","Crops and livestock products","570","Niue","5419","Yield","01312","Bananas","2020","2020","hg/ha","19756","E","Estimated value"
"QCL","Crops and livestock products","570","Niue","5510","Production","01312","Bananas","2020","2020","tonnes","81","I","Imputed value"
"QCL","Crops and livestock products","512","Oman","5312","Area harvested","01312","Bananas","2020","2020","ha","1575","A","Official figure"
"QCL","Crops and livestock products","512","Oman","5419","Yield","01312","Bananas","2020","2020","hg/ha","117124","E","Estimated value"
"QCL","Crops and livestock products","512","Oman","5510","Production","01312","Bananas","2020","2020","tonnes","18447","A","Official figure"
"QCL","Crops and livestock products","586","Pakistan","5312","Area harvested","01312","Bananas","2020","2020","ha","32847","A","Official figure"
"QCL","Crops and livestock products","586","Pakistan","5419","Yield","01312","Bananas","2020","2020","hg/ha","45947","E","Estimated value"
"QCL","Crops and livestock products","586","Pakistan","5510","Production","01312","Bananas","2020","2020","tonnes","150921","A","Official figure"
"QCL","Crops and livestock products","275","Palestine","5312","Area harvested","01312","Bananas","2020","2020","ha","41","I","Imputed value"
"QCL","Crops and livestock products","275","Palestine","5419","Yield","01312","Bananas","2020","2020","hg/ha","348293","E","Estimated value"
"QCL","Crops and livestock products","275","Palestine","5510","Production","01312","Bananas","2020","2020","tonnes","1428","I","Imputed value"
"QCL","Crops and livestock products","591","Panama","5312","Area harvested","01312","Bananas","2020","2020","ha","7792","I","Imputed value"
"QCL","Crops and livestock products","591","Panama","5419","Yield","01312","Bananas","2020","2020","hg/ha","366001","E","Estimated value"
"QCL","Crops and livestock products","591","Panama","5510","Production","01312","Bananas","2020","2020","tonnes","285188","I","Imputed value"
"QCL","Crops and livestock products","591","Panama","5312","Area harvested","01313","Plantains and cooking bananas","2020","2020","ha","17016","I","Imputed value"
"QCL","Crops and livestock products","591","Panama","5419","Yield","01313","Plantains and cooking bananas","2020","2020","hg/ha","103052","E","Estimated value"
"QCL","Crops and livestock products","591","Panama","5510","Production","01313","Plantains and cooking bananas","2020","2020","tonnes","175354","I","Imputed value"
"QCL","Crops and livestock products","598","Papua New Guinea","5312","Area harvested","01312","Bananas","2020","2020","ha","77933","E","Estimated value"
"QCL","Crops and livestock products","598","Papua New Guinea","5419","Yield","01312","Bananas","2020","2020","hg/ha","161883","E","Estimated value"
"QCL","Crops and livestock products","598","Papua New Guinea","5510","Production","01312","Bananas","2020","2020","tonnes","1261605","E","Estimated value"
"QCL","Crops and livestock products","600","Paraguay","5312","Area harvested","01312","Bananas","2020","2020","ha","8852","A","Official figure"
"QCL","Crops and livestock products","600","Paraguay","5419","Yield","01312","Bananas","2020","2020","hg/ha","106740","E","Estimated value"
"QCL","Crops and livestock products","600","Paraguay","5510","Production","01312","Bananas","2020","2020","tonnes","94486","A","Official figure"
"QCL","Crops and livestock products","604","Peru","5312","Area harvested","01312","Bananas","2020","2020","ha","160651","A","Official figure"
"QCL","Crops and livestock products","604","Peru","5419","Yield","01312","Bananas","2020","2020","hg/ha","144071","E","Estimated value"
"QCL","Crops and livestock products","604","Peru","5510","Production","01312","Bananas","2020","2020","tonnes","2314514","A","Official figure"
"QCL","Crops and livestock products","604","Peru","5312","Area harvested","01313","Plantains and cooking bananas","2020","2020","ha","","M","Missing value (data cannot exist, not applicable)"
"QCL","Crops and livestock products","604","Peru","5510","Production","01313","Plantains and cooking bananas","2020","2020","tonnes","","M","Missing value (data cannot exist, not applicable)"
"QCL","Crops and livestock products","608","Philippines","5312","Area harvested","01312","Bananas","2020","2020","ha","187598","A","Official figure"
"QCL","Crops and livestock products","608","Philippines","5419","Yield","01312","Bananas","2020","2020","hg/ha","317451","E","Estimated value"
"QCL","Crops and livestock products","608","Philippines","5510","Production","01312","Bananas","2020","2020","tonnes","5955311","A","Official figure"
"QCL","Crops and livestock products","608","Philippines","5312","Area harvested","01313","Plantains and cooking bananas","2020","2020","ha","263580","A","Official figure"
"QCL","Crops and livestock products","608","Philippines","5419","Yield","01313","Plantains and cooking bananas","2020","2020","hg/ha","117643","E","Estimated value"
"QCL","Crops and livestock products","608","Philippines","5510","Production","01313","Plantains and cooking bananas","2020","2020","tonnes","3100839","A","Official figure"
"QCL","Crops and livestock products","616","Poland","5312","Area harvested","01312","Bananas","2020","2020","ha","0","A","Official figure"
"QCL","Crops and livestock products","616","Poland","5510","Production","01312","Bananas","2020","2020","tonnes","0","A","Official figure"
"QCL","Crops and livestock products","620","Portugal","5312","Area harvested","01312","Bananas","2020","2020","ha","1120","A","Official figure"
"QCL","Crops and livestock products","620","Portugal","5419","Yield","01312","Bananas","2020","2020","hg/ha","234821","E","Estimated value"
"QCL","Crops and livestock products","620","Portugal","5510","Production","01312","Bananas","2020","2020","tonnes","26300","A","Official figure"
"QCL","Crops and livestock products","630","Puerto Rico","5312","Area harvested","01312","Bananas","2020","2020","ha","1560","E","Estimated value"
"QCL","Crops and livestock products","630","Puerto Rico","5419","Yield","01312","Bananas","2020","2020","hg/ha","494378","E","Estimated value"
"QCL","Crops and livestock products","630","Puerto Rico","5510","Production","01312","Bananas","2020","2020","tonnes","77123","I","Imputed value"
"QCL","Crops and livestock products","630","Puerto Rico","5312","Area harvested","01313","Plantains and cooking bananas","2020","2020","ha","3419","I","Imputed value"
"QCL","Crops and livestock products","630","Puerto Rico","5419","Yield","01313","Plantains and cooking bananas","2020","2020","hg/ha","220746","E","Estimated value"
"QCL","Crops and livestock products","630","Puerto Rico","5510","Production","01313","Plantains and cooking bananas","2020","2020","tonnes","75473","E","Estimated value"
"QCL","Crops and livestock products","410","Republic of Korea","5312","Area harvested","01312","Bananas","2020","2020","ha","","M","Missing value (data cannot exist, not applicable)"
"QCL","Crops and livestock products","410","Republic of Korea","5510","Production","01312","Bananas","2020","2020","tonnes","","M","Missing value (data cannot exist, not applicable)"
"QCL","Crops and livestock products","642","Romania","5312","Area harvested","01312","Bananas","2020","2020","ha","0","A","Official figure"
"QCL","Crops and livestock products","642","Romania","5510","Production","01312","Bananas","2020","2020","tonnes","0","A","Official figure"
"QCL","Crops and livestock products","646","Rwanda","5312","Area harvested","01312","Bananas","2020","2020","ha","166091","A","Official figure"
"QCL","Crops and livestock products","646","Rwanda","5419","Yield","01312","Bananas","2020","2020","hg/ha","67363","E","Estimated value"
"QCL","Crops and livestock products","646","Rwanda","5510","Production","01312","Bananas","2020","2020","tonnes","1118841","A","Official figure"
"QCL","Crops and livestock products","646","Rwanda","5312","Area harvested","01313","Plantains and cooking bananas","2020","2020","ha","106409","A","Official figure"
"QCL","Crops and livestock products","646","Rwanda","5419","Yield","01313","Plantains and cooking bananas","2020","2020","hg/ha","85823","E","Estimated value"
"QCL","Crops and livestock products","646","Rwanda","5510","Production","01313","Plantains and cooking bananas","2020","2020","tonnes","913231","A","Official figure"
"QCL","Crops and livestock products","662","Saint Lucia","5312","Area harvested","01312","Bananas","2020","2020","ha","213","I","Imputed value"
"QCL","Crops and livestock products","662","Saint Lucia","5419","Yield","01312","Bananas","2020","2020","hg/ha","453099","E","Estimated value"
"QCL","Crops and livestock products","662","Saint Lucia","5510","Production","01312","Bananas","2020","2020","tonnes","9651","A","Official figure"
"QCL","Crops and livestock products","662","Saint Lucia","5312","Area harvested","01313","Plantains and cooking bananas","2020","2020","ha","138","I","Imputed value"
"QCL","Crops and livestock products","662","Saint Lucia","5419","Yield","01313","Plantains and cooking bananas","2020","2020","hg/ha","198913","E","Estimated value"
"QCL","Crops and livestock products","662","Saint Lucia","5510","Production","01313","Plantains and cooking bananas","2020","2020","tonnes","2745","I","Imputed value"
"QCL","Crops and livestock products","670","Saint Vincent and the Grenadines","5312","Area harvested","01312","Bananas","2020","2020","ha","6167","I","Imputed value"
"QCL","Crops and livestock products","670","Saint Vincent and the Grenadines","5419","Yield","01312","Bananas","2020","2020","hg/ha","98915","E","Estimated value"
"QCL","Crops and livestock products","670","Saint Vincent and the Grenadines","5510","Production","01312","Bananas","2020","2020","tonnes","61001","I","Imputed value"
"QCL","Crops and livestock products","670","Saint Vincent and the Grenadines","5312","Area harvested","01313","Plantains and cooking bananas","2020","2020","ha","140","I","Imputed value"
"QCL","Crops and livestock products","670","Saint Vincent and the Grenadines","5419","Yield","01313","Plantains and cooking bananas","2020","2020","hg/ha","378857","E","Estimated value"
"QCL","Crops and livestock products","670","Saint Vincent and the Grenadines","5510","Production","01313","Plantains and cooking bananas","2020","2020","tonnes","5304","I","Imputed value"
"QCL","Crops and livestock products","882","Samoa","5312","Area harvested","01312","Bananas","2020","2020","ha","3109","I","Imputed value"
"QCL","Crops and livestock products","882","Samoa","5419","Yield","01312","Bananas","2020","2020","hg/ha","75278","E","Estimated value"
"QCL","Crops and livestock products","882","Samoa","5510","Production","01312","Bananas","2020","2020","tonnes","23404","I","Imputed value"
"QCL","Crops and livestock products","678","Sao Tome and Principe","5312","Area harvested","01312","Bananas","2020","2020","ha","198","I","Imputed value"
"QCL","Crops and livestock products","678","Sao Tome and Principe","5419","Yield","01312","Bananas","2020","2020","hg/ha","256465","E","Estimated value"
"QCL","Crops and livestock products","678","Sao Tome and Principe","5510","Production","01312","Bananas","2020","2020","tonnes","5078","I","Imputed value"
"QCL","Crops and livestock products","678","Sao Tome and Principe","5312","Area harvested","01313","Plantains and cooking bananas","2020","2020","ha","4068","I","Imputed value"
"QCL","Crops and livestock products","678","Sao Tome and Principe","5419","Yield","01313","Plantains and cooking bananas","2020","2020","hg/ha","99887","E","Estimated value"
"QCL","Crops and livestock products","678","Sao Tome and Principe","5510","Production","01313","Plantains and cooking bananas","2020","2020","tonnes","40634","I","Imputed value"
"QCL","Crops and livestock products","686","Senegal","5312","Area harvested","01312","Bananas","2020","2020","ha","1416","I","Imputed value"
"QCL","Crops and livestock products","686","Senegal","5419","Yield","01312","Bananas","2020","2020","hg/ha","257768","E","Estimated value"
"QCL","Crops and livestock products","686","Senegal","5510","Production","01312","Bananas","2020","2020","tonnes","36500","A","Official figure"
"QCL","Crops and livestock products","690","Seychelles","5312","Area harvested","01312","Bananas","2020","2020","ha","99","I","Imputed value"
"QCL","Crops and livestock products","690","Seychelles","5419","Yield","01312","Bananas","2020","2020","hg/ha","201515","E","Estimated value"
"QCL","Crops and livestock products","690","Seychelles","5510","Production","01312","Bananas","2020","2020","tonnes","1995","I","Imputed value"
"QCL","Crops and livestock products","694","Sierra Leone","5312","Area harvested","01313","Plantains and cooking bananas","2020","2020","ha","8199","E","Estimated value"
"QCL","Crops and livestock products","694","Sierra Leone","5419","Yield","01313","Plantains and cooking bananas","2020","2020","hg/ha","54877","E","Estimated value"
"QCL","Crops and livestock products","694","Sierra Leone","5510","Production","01313","Plantains and cooking bananas","2020","2020","tonnes","44994","E","Estimated value"
"QCL","Crops and livestock products","702","Singapore","5312","Area harvested","01312","Bananas","2020","2020","ha","","M","Missing value (data cannot exist, not applicable)"
"QCL","Crops and livestock products","702","Singapore","5510","Production","01312","Bananas","2020","2020","tonnes","","M","Missing value (data cannot exist, not applicable)"
"QCL","Crops and livestock products","703","Slovakia","5312","Area harvested","01312","Bananas","2020","2020","ha","0","A","Official figure"
"QCL","Crops and livestock products","703","Slovakia","5510","Production","01312","Bananas","2020","2020","tonnes","0","A","Official figure"
"QCL","Crops and livestock products","705","Slovenia","5312","Area harvested","01312","Bananas","2020","2020","ha","0","A","Official figure"
"QCL","Crops and livestock products","705","Slovenia","5510","Production","01312","Bananas","2020","2020","tonnes","0","A","Official figure"
"QCL","Crops and livestock products","090","Solomon Islands","5312","Area harvested","01312","Bananas","2020","2020","ha","136","E","Estimated value"
"QCL","Crops and livestock products","090","Solomon Islands","5419","Yield","01312","Bananas","2020","2020","hg/ha","23382","E","Estimated value"
"QCL","Crops and livestock products","090","Solomon Islands","5510","Production","01312","Bananas","2020","2020","tonnes","318","I","Imputed value"
"QCL","Crops and livestock products","706","Somalia","5312","Area harvested","01312","Bananas","2020","2020","ha","1350","E","Estimated value"
"QCL","Crops and livestock products","706","Somalia","5419","Yield","01312","Bananas","2020","2020","hg/ha","170556","E","Estimated value"
"QCL","Crops and livestock products","706","Somalia","5510","Production","01312","Bananas","2020","2020","tonnes","23025","E","Estimated value"
"QCL","Crops and livestock products","710","South Africa","5312","Area harvested","01312","Bananas","2020","2020","ha","6504","I","Imputed value"
"QCL","Crops and livestock products","710","South Africa","5419","Yield","01312","Bananas","2020","2020","hg/ha","618120","E","Estimated value"
"QCL","Crops and livestock products","710","South Africa","5510","Production","01312","Bananas","2020","2020","tonnes","402025","I","Imputed value"
"QCL","Crops and livestock products","728","South Sudan","5312","Area harvested","01312","Bananas","2020","2020","ha","","M","Missing value (data cannot exist, not applicable)"
"QCL","Crops and livestock products","728","South Sudan","5510","Production","01312","Bananas","2020","2020","tonnes","","M","Missing value (data cannot exist, not applicable)"
"QCL","Crops and livestock products","724","Spain","5312","Area harvested","01312","Bananas","2020","2020","ha","9100","A","Official figure"
"QCL","Crops and livestock products","724","Spain","5419","Yield","01312","Bananas","2020","2020","hg/ha","461692","E","Estimated value"
"QCL","Crops and livestock products","724","Spain","5510","Production","01312","Bananas","2020","2020","tonnes","420140","A","Official figure"
"QCL","Crops and livestock products","144","Sri Lanka","5312","Area harvested","01313","Plantains and cooking bananas","2020","2020","ha","50243","A","Official figure"
"QCL","Crops and livestock products","144","Sri Lanka","5419","Yield","01313","Plantains and cooking bananas","2020","2020","hg/ha","194146","E","Estimated value"
"QCL","Crops and livestock products","144","Sri Lanka","5510","Production","01313","Plantains and cooking bananas","2020","2020","tonnes","975450","A","Official figure"
"QCL","Crops and livestock products","729","Sudan","5312","Area harvested","01312","Bananas","2020","2020","ha","47000","A","Official figure"
"QCL","Crops and livestock products","729","Sudan","5419","Yield","01312","Bananas","2020","2020","hg/ha","196583","E","Estimated value"
"QCL","Crops and livestock products","729","Sudan","5510","Production","01312","Bananas","2020","2020","tonnes","923938","A","Official figure"
"QCL","Crops and livestock products","740","Suriname","5312","Area harvested","01312","Bananas","2020","2020","ha","1676","I","Imputed value"
"QCL","Crops and livestock products","740","Suriname","5419","Yield","01312","Bananas","2020","2020","hg/ha","289147","E","Estimated value"
"QCL","Crops and livestock products","740","Suriname","5510","Production","01312","Bananas","2020","2020","tonnes","48461","I","Imputed value"
"QCL","Crops and livestock products","740","Suriname","5312","Area harvested","01313","Plantains and cooking bananas","2020","2020","ha","454","I","Imputed value"
"QCL","Crops and livestock products","740","Suriname","5419","Yield","01313","Plantains and cooking bananas","2020","2020","hg/ha","322709","E","Estimated value"
"QCL","Crops and livestock products","740","Suriname","5510","Production","01313","Plantains and cooking bananas","2020","2020","tonnes","14651","I","Imputed value"
"QCL","Crops and livestock products","752","Sweden","5312","Area harvested","01312","Bananas","2020","2020","ha","0","A","Official figure"
"QCL","Crops and livestock products","752","Sweden","5510","Production","01312","Bananas","2020","2020","tonnes","0","A","Official figure"
"QCL","Crops and livestock products","760","Syrian Arab Republic","5312","Area harvested","01312","Bananas","2020","2020","ha","4","A","Official figure"
"QCL","Crops and livestock products","760","Syrian Arab Republic","5419","Yield","01312","Bananas","2020","2020","hg/ha","362500","E","Estimated value"
"QCL","Crops and livestock products","760","Syrian Arab Republic","5510","Production","01312","Bananas","2020","2020","tonnes","145","A","Official figure"
"QCL","Crops and livestock products","764","Thailand","5312","Area harvested","01312","Bananas","2020","2020","ha","62650","A","Official figure"
"QCL","Crops and livestock products","764","Thailand","5419","Yield","01312","Bananas","2020","2020","hg/ha","217186","E","Estimated value"
"QCL","Crops and livestock products","764","Thailand","5510","Production","01312","Bananas","2020","2020","tonnes","1360670","A","Official figure"
"QCL","Crops and livestock products","626","Timor-Leste","5312","Area harvested","01312","Bananas","2020","2020","ha","640","E","Estimated value"
"QCL","Crops and livestock products","626","Timor-Leste","5419","Yield","01312","Bananas","2020","2020","hg/ha","6797","E","Estimated value"
"QCL","Crops and livestock products","626","Timor-Leste","5510","Production","01312","Bananas","2020","2020","tonnes","435","E","Estimated value"
"QCL","Crops and livestock products","768","Togo","5312","Area harvested","01312","Bananas","2020","2020","ha","2018","E","Estimated value"
"QCL","Crops and livestock products","768","Togo","5419","Yield","01312","Bananas","2020","2020","hg/ha","120902","E","Estimated value"
"QCL","Crops and livestock products","768","Togo","5510","Production","01312","Bananas","2020","2020","tonnes","24398","E","Estimated value"
"QCL","Crops and livestock products","772","Tokelau","5312","Area harvested","01312","Bananas","2020","2020","ha","5","I","Imputed value"
"QCL","Crops and livestock products","772","Tokelau","5419","Yield","01312","Bananas","2020","2020","hg/ha","32000","E","Estimated value"
"QCL","Crops and livestock products","772","Tokelau","5510","Production","01312","Bananas","2020","2020","tonnes","16","I","Imputed value"
"QCL","Crops and livestock products","776","Tonga","5312","Area harvested","01312","Bananas","2020","2020","ha","583","E","Estimated value"
"QCL","Crops and livestock products","776","Tonga","5419","Yield","01312","Bananas","2020","2020","hg/ha","14597","E","Estimated value"
"QCL","Crops and livestock products","776","Tonga","5510","Production","01312","Bananas","2020","2020","tonnes","851","E","Estimated value"
"QCL","Crops and livestock products","776","Tonga","5312","Area harvested","01313","Plantains and cooking bananas","2020","2020","ha","252","I","Imputed value"
"QCL","Crops and livestock products","776","Tonga","5419","Yield","01313","Plantains and cooking bananas","2020","2020","hg/ha","95516","E","Estimated value"
"QCL","Crops and livestock products","776","Tonga","5510","Production","01313","Plantains and cooking bananas","2020","2020","tonnes","2407","E","Estimated value"
"QCL","Crops and livestock products","780","Trinidad and Tobago","5312","Area harvested","01312","Bananas","2020","2020","ha","1020","E","Estimated value"
"QCL","Crops and livestock products","780","Trinidad and Tobago","5419","Yield","01312","Bananas","2020","2020","hg/ha","33618","E","Estimated value"
"QCL","Crops and livestock products","780","Trinidad and Tobago","5510","Production","01312","Bananas","2020","2020","tonnes","3429","E","Estimated value"
"QCL","Crops and livestock products","780","Trinidad and Tobago","5312","Area harvested","01313","Plantains and cooking bananas","2020","2020","ha","1500","I","Imputed value"
"QCL","Crops and livestock products","780","Trinidad and Tobago","5419","Yield","01313","Plantains and cooking bananas","2020","2020","hg/ha","35513","E","Estimated value"
"QCL","Crops and livestock products","780","Trinidad and Tobago","5510","Production","01313","Plantains and cooking bananas","2020","2020","tonnes","5327","I","Imputed value"
"QCL","Crops and livestock products","792","Türkiye","5312","Area harvested","01312","Bananas","2020","2020","ha","11154","A","Official figure"
"QCL","Crops and livestock products","792","Türkiye","5419","Yield","01312","Bananas","2020","2020","hg/ha","652800","E","Estimated value"
"QCL","Crops and livestock products","792","Türkiye","5510","Production","01312","Bananas","2020","2020","tonnes","728133","A","Official figure"
"QCL","Crops and livestock products","798","Tuvalu","5510","Production","01312","Bananas","2020","2020","tonnes","288","I","Imputed value"
"QCL","Crops and livestock products","800","Uganda","5312","Area harvested","01312","Bananas","2020","2020","ha","","M","Missing value (data cannot exist, not applicable)"
"QCL","Crops and livestock products","800","Uganda","5510","Production","01312","Bananas","2020","2020","tonnes","","M","Missing value (data cannot exist, not applicable)"
"QCL","Crops and livestock products","800","Uganda","5312","Area harvested","01313","Plantains and cooking bananas","2020","2020","ha","1772042","I","Imputed value"
"QCL","Crops and livestock products","800","Uganda","5419","Yield","01313","Plantains and cooking bananas","2020","2020","hg/ha","41769","E","Estimated value"
"QCL","Crops and livestock products","800","Uganda","5510","Production","01313","Plantains and cooking bananas","2020","2020","tonnes","7401579","I","Imputed value"
"QCL","Crops and livestock products","784","United Arab Emirates","5312","Area harvested","01312","Bananas","2020","2020","ha","6","I","Imputed value"
"QCL","Crops and livestock products","784","United Arab Emirates","5419","Yield","01312","Bananas","2020","2020","hg/ha","423333","E","Estimated value"
"QCL","Crops and livestock products","784","United Arab Emirates","5510","Production","01312","Bananas","2020","2020","tonnes","254","I","Imputed value"
"QCL","Crops and livestock products","834","United Republic of Tanzania","5312","Area harvested","01312","Bananas","2020","2020","ha","323389","I","Imputed value"
"QCL","Crops and livestock products","834","United Republic of Tanzania","5419","Yield","01312","Bananas","2020","2020","hg/ha","105738","E","Estimated value"
"QCL","Crops and livestock products","834","United Republic of Tanzania","5510","Production","01312","Bananas","2020","2020","tonnes","3419436","I","Imputed value"
"QCL","Crops and livestock products","834","United Republic of Tanzania","5312","Area harvested","01313","Plantains and cooking bananas","2020","2020","ha","303265","I","Imputed value"
"QCL","Crops and livestock products","834","United Republic of Tanzania","5419","Yield","01313","Plantains and cooking bananas","2020","2020","hg/ha","19112","E","Estimated value"
"QCL","Crops and livestock products","834","United Republic of Tanzania","5510","Production","01313","Plantains and cooking bananas","2020","2020","tonnes","579589","I","Imputed value"
"QCL","Crops and livestock products","840","United States of America","5312","Area harvested","01312","Bananas","2020","2020","ha","327","I","Imputed value"
"QCL","Crops and livestock products","840","United States of America","5419","Yield","01312","Bananas","2020","2020","hg/ha","89755","E","Estimated value"
"QCL","Crops and livestock products","840","United States of America","5510","Production","01312","Bananas","2020","2020","tonnes","2935","I","Imputed value"
"QCL","Crops and livestock products","548","Vanuatu","5312","Area harvested","01312","Bananas","2020","2020","ha","1619","E","Estimated value"
"QCL","Crops and livestock products","548","Vanuatu","5419","Yield","01312","Bananas","2020","2020","hg/ha","102767","E","Estimated value"
"QCL","Crops and livestock products","548","Vanuatu","5510","Production","01312","Bananas","2020","2020","tonnes","16638","E","Estimated value"
"QCL","Crops and livestock products","862","Venezuela (Bolivarian Republic of)","5312","Area harvested","01312","Bananas","2020","2020","ha","50213","I","Imputed value"
"QCL","Crops and livestock products","862","Venezuela (Bolivarian Republic of)","5419","Yield","01312","Bananas","2020","2020","hg/ha","176091","E","Estimated value"
"QCL","Crops and livestock products","862","Venezuela (Bolivarian Republic of)","5510","Production","01312","Bananas","2020","2020","tonnes","884207","I","Imputed value"
"QCL","Crops and livestock products","862","Venezuela (Bolivarian Republic of)","5312","Area harvested","01313","Plantains and cooking bananas","2020","2020","ha","62414","I","Imputed value"
"QCL","Crops and livestock products","862","Venezuela (Bolivarian Republic of)","5419","Yield","01313","Plantains and cooking bananas","2020","2020","hg/ha","115519","E","Estimated value"
"QCL","Crops and livestock products","862","Venezuela (Bolivarian Republic of)","5510","Production","01313","Plantains and cooking bananas","2020","2020","tonnes","720998","I","Imputed value"
"QCL","Crops and livestock products","704","Viet Nam","5312","Area harvested","01312","Bananas","2020","2020","ha","131861","A","Official figure"
"QCL","Crops and livestock products","704","Viet Nam","5419","Yield","01312","Bananas","2020","2020","hg/ha","166189","E","Estimated value"
"QCL","Crops and livestock products","704","Viet Nam","5510","Production","01312","Bananas","2020","2020","tonnes","2191379","A","Official figure"
"QCL","Crops and livestock products","887","Yemen","5312","Area harvested","01312","Bananas","2020","2020","ha","9465","I","Imputed value"
"QCL","Crops and livestock products","887","Yemen","5419","Yield","01312","Bananas","2020","2020","hg/ha","124444","E","Estimated value"
"QCL","Crops and livestock products","887","Yemen","5510","Production","01312","Bananas","2020","2020","tonnes","117786","I","Imputed value"
"QCL","Crops and livestock products","894","Zambia","5312","Area harvested","01312","Bananas","2020","2020","ha","154","I","Imputed value"
"QCL","Crops and livestock products","894","Zambia","5419","Yield","01312","Bananas","2020","2020","hg/ha","45195","E","Estimated value"
"QCL","Crops and livestock products","894","Zambia","5510","Production","01312","Bananas","2020","2020","tonnes","696","I","Imputed value"
"QCL","Crops and livestock products","716","Zimbabwe","5312","Area harvested","01312","Bananas","2020","2020","ha","24170","I","Imputed value"
"QCL","Crops and livestock products","716","Zimbabwe","5419","Yield","01312","Bananas","2020","2020","hg/ha","81445","E","Estimated value"
"QCL","Crops and livestock products","716","Zimbabwe","5510","Production","01312","Bananas","2020","2020","tonnes","196853","I","Imputed value"
